,,,,,,,,,,,win_pred_team_id,win_pred_team_id
,,,,,,,,,,,90,90
,,,,,,,,,,,36098,36084
,,,,,,,,,,,48334,30428
,,,,,,,,,,,36112,36112
,,,,,,,,,,,30414,30414
,,,,,,,,,,,30407,30407
,,,,,,,,,,,36014,36014
,,,,,,,,,,,9701,9701
,,,,,,,,,,,7727,7727
,,,,,,,,,,,36014,30428
,,,,,,,,,,,36098,36098
,,,,,,,,,,,202,202
,,,,,,,,,,,47501,47487
,,,,,,,,,,,48,48
,,,,,,,,,,,62,62
,,,,,,,,,,,33921,33921
,,,,,,,,,,,10576,10576
,,,,,,,,,,,20,41
,,,,,,,,,,,36070,36070
,,,,,,,,,,,36098,36070
,,,,,,,,,,,48334,48341
,,,,,,,,,,,10366,10366
,,,,,,,,,,,33942,33942
,,,,,,,,,,,42573,40452
,,,,,,,,,,,9701,9701
,,,,,,,,,,,30414,30414
,,,,,,,,,,,12389,12389
,,,,,,,,,,,209,209
,,,,,,,,,,,9701,9701
,,,,,,,,,,,7727,7727
,,,,,,,,,,,188,188
,,,,,,,,,,,47529,47529
,,,,,,,,,,,23750,23750
,,,,,,,,,,,47480,47480
,,,,,,,,,,,48,48
,,,,,,,,,,,47529,47529
,,,,,,,,,,,7608,9967
,,,,,,,,,,,8987,8987
,,,,,,,,,,,11591,11591
,,,,,,,,,,,33921,33921
,,,,,,,,,,,48,48
,,,,,,,,,,,30414,30414
,,,,,,,,,,,55,55
,,,,,,,,,,,40298,47529
,,,,,,,,,,,42573,42573
,,,,,,,,,,,9701,9701
,,,,,,,,,,,47529,47529
,,,,,,,,,,,36084,36084
,,,,,,,,,,,33928,33928
,,,,,,,,,,,15301,15301
,,,,,,,,,,,11283,11283
,,,,,,,,,,,188,188
,,,,,,,,,,,14454,14454
,,,,,,,,,,,9701,9701
,,,,,,,,,,,40578,40578
,,,,,,,,,,,47480,47480
,,,,,,,,,,,40606,40564
,,,,,,,,,,,48943,48943
,,,,,,,,,,,33942,33935
,,,,,,,,,,,62,62
,,,,,,,,,,,55,41
,,,,,,,,,,,55,55
,,,,,,,,,,,10366,6698
,,,,,,,,,,,36014,36014
,,,,,,,,,,,8917,8917
,,,,,,,,,,,34,34
,,,,,,,,,,,33942,33942
,,,,,,,,,,,14454,14454
,,,,,,,,,,,30393,30393
,,,,,,,,,,,48334,48334
,,,,,,,,,,,62,62
,,,,,,,,,,,7727,7727
,,,,,,,,,,,12718,12389
,,,,,,,,,,,48,48
,,,,,,,,,,,8056,8056
,,,,,,,,,,,55,55
,,,,,,,,,,,46731,46731
,,,,,,,,,,,33956,33956
,,,,,,,,,,,62,62
,,,,,,,,,,,30421,30407
,,,,,,,,,,,33928,33928
,,,,,,,,,,,41,41
,,,,,,,,,,,48929,48929
,,,,,,,,,,,40298,40298
,,,,,,,,,,,44904,44904
,,,,,,,,,,,40550,40550
,,,,,,,,,,,30428,30428
,,,,,,,,,,,7727,7727
,,,,,,,,,,,47508,47508
,,,,,,,,,,,11591,11591
,,,,,,,,,,,30421,30435
,,,,,,,,,,,6698,6698
,,,,,,,,,,,30393,30393
,,,,,,,,,,,40298,40298
,,,,,,,,,,,10618,8182
,,,,,,,,,,,55,55
,,,,,,,,,,,7258,7258
,,,,,,,,,,,40298,40298
,,,,,,,,,,,202,272
,,,,,,,,,,,8182,8182
,,,,,,,,,,,216,216
,,,,,,,,,,,35790,35790
,,,,,,,,,,,13474,13474
,,,,,,,,,,,33921,33921
,,,,,,,,,,,33942,33942
,,,,,,,,,,,17982,17982
,,,,,,,,,,,36070,36070
,,,,,,,,,,,27,27
,,,,,,,,,,,48,48
,,,,,,,,,,,9876,9876
,,,,,,,,,,,40606,40606
,,,,,,,,,,,8987,8987
,,,,,,,,,,,30407,30407
,,,,,,,,,,,20,20
,,,,,,,,,,,8987,8987
,,,,,,,,,,,30428,30428
,,,,,,,,,,,35790,35790
,,,,,,,,,,,22784,22784
,,,,,,,,,,,48,48
,,,,,,,,,,,45072,45072
,,,,,,,,,,,20,20
,,,,,,,,,,,33914,33914
,,,,,,,,,,,47487,47487
,,,,,,,,,,,33921,33921
,,,,,,,,,,,40298,47529
,,,,,,,,,,,38814,38814
,,,,,,,,,,,23113,23841
,,,,,,,,,,,40592,40550
,,,,,,,,,,,90,90
,,,,,,,,,,,11591,11591
,,,,,,,,,,,76,76
,,,,,,,,,,,55,55
,,,,,,,,,,,48,48
,,,,,,,,,,,36014,30407
,,,,,,,,,,,23750,23750
,,,,,,,,,,,33949,33949
,,,,,,,,,,,46780,46766
,,,,,,,,,,,11157,11157
,,,,,,,,,,,40452,40452
,,,,,,,,,,,62,62
,,,,,,,,,,,11157,11157
,,,,,,,,,,,30407,30407
,,,,,,,,,,,40564,40564
,,,,,,,,,,,48733,48733
,,,,,,,,,,,18570,18570
,,,,,,,,,,,48,48
,,,,,,,,,,,47494,47494
,,,,,,,,,,,8182,8182
,,,,,,,,,,,10366,10366
,,,,,,,,,,,33921,33921
,,,,,,,,,,,8987,6698
,,,,,,,,,,,46752,46752
,,,,,,,,,,,48334,48334
,,,,,,,,,,,62,62
,,,,,,,,,,,48334,48334
,,,,,,,,,,,33914,33914
,,,,,,,,,,,17653,17653
,,,,,,,,,,,45072,45072
,,,,,,,,,,,48943,48943
,,,,,,,,,,,76,76
,,,,,,,,,,,30428,30428
,,,,,,,,,,,55,55
,,,,,,,,,,,17653,17653
,,,,,,,,,,,41,41
,,,,,,,,,,,47508,47508
,,,,,,,,,,,11465,11465
,,,,,,,,,,,69,69
,,,,,,,,,,,48341,30435
,,,,,,,,,,,17583,17583
,,,,,,,,,,,40578,40578
,,,,,,,,,,,40424,40424
,,,,,,,,,,,40424,40424
,,,,,,,,,,,13166,13166
,,,,,,,,,,,27,27
,,,,,,,,,,,47487,47487
,,,,,,,,,,,30428,30428
,,,,,,,,,,,195,195
,,,,,,,,,,,46759,46731
,,,,,,,,,,,8987,8987
,,,,,,,,,,,8301,8917
,,,,,,,,,,,216,216
,,,,,,,,,,,42573,42573
,,,,,,,,,,,34,20
,,,,,,,,,,,36070,36070
,,,,,,,,,,,18570,18570
,,,,,,,,,,,23113,23113
,,,,,,,,,,,49650,49657
,,,,,,,,,,,251,251
,,,,,,,,,,,20,20
,,,,,,,,,,,33935,33935
,,,,,,,,,,,20,20
,,,,,,,,,,,13474,13474
,,,,,,,,,,,293,293
,,,,,,,,,,,30400,30400
,,,,,,,,,,,10366,8987
,,,,,,,,,,,45947,45947
,,,,,,,,,,,48,48
,,,,,,,,,,,251,251
,,,,,,,,,,,8987,8987
,,,,,,,,,,,8700,8700
,,,,,,,,,,,40578,40578
,,,,,,,,,,,38814,36084
,,,,,,,,,,,40550,40606
,,,,,,,,,,,35790,35790
,,,,,,,,,,,76,76
,,,,,,,,,,,33935,33935
,,,,,,,,,,,62,62
,,,,,,,,,,,14454,14454
,,,,,,,,,,,76,76
,,,,,,,,,,,46759,46759
,,,,,,,,,,,118,118
,,,,,,,,,,,38814,38814
,,,,,,,,,,,8917,8301
,,,,,,,,,,,46752,46766
,,,,,,,,,,,36014,36014
,,,,,,,,,,,46759,46773
,,,,,,,,,,,46745,46745
,,,,,,,,,,,46738,46738
,,,,,,,,,,,18570,18570
,,,,,,,,,,,34,34
,,,,,,,,,,,22763,22763
,,,,,,,,,,,40550,40550
,,,,,,,,,,,8700,8700
,,,,,,,,,,,8182,8182
,,,,,,,,,,,30428,30428
,,,,,,,,,,,22497,23750
,,,,,,,,,,,8056,8056
,,,,,,,,,,,46759,46759
,,,,,,,,,,,6838,6838
,,,,,,,,,,,40550,40550
,,,,,,,,,,,49657,49657
,,,,,,,,,,,8056,8700
,,,,,,,,,,,7727,7727
,,,,,,,,,,,46731,46731
,,,,,,,,,,,44904,44904
,,,,,,,,,,,272,272
,,,,,,,,,,,209,209
,,,,,,,,,,,33956,33956
,,,,,,,,,,,40578,40578
,,,,,,,,,,,23869,23869
,,,,,,,,,,,22763,22763
,,,,,,,,,,,46745,46745
,,,,,,,,,,,8987,8182
,,,,,,,,,,,33914,33914
,,,,,,,,,,,48,48
,,,,,,,,,,,40578,40578
,,,,,,,,,,,40578,40578
,,,,,,,,,,,46780,46780
,,,,,,,,,,,195,237
,,,,,,,,,,,30414,30414
,,,,,,,,,,,27,27
,,,,,,,,,,,33914,33914
,,,,,,,,,,,10618,10618
,,,,,,,,,,,30400,30400
,,,,,,,,,,,40550,40550
,,,,,,,,,,,33942,33942
,,,,,,,,,,,30414,30414
,,,,,,,,,,,23841,23841
,,,,,,,,,,,36084,36084
,,,,,,,,,,,9876,9876
,,,,,,,,,,,251,251
,,,,,,,,,,,23750,23750
,,,,,,,,,,,36098,36098
,,,,,,,,,,,15497,15497
,,,,,,,,,,,33921,33921
,,,,,,,,,,,41,41
,,,,,,,,,,,46773,46773
,,,,,,,,,,,55,55
,,,,,,,,,,,9967,9967
,,,,,,,,,,,33942,33942
,,,,,,,,,,,33942,33928
,,,,,,,,,,,12634,12634
,,,,,,,,,,,41,41
,,,,,,,,,,,10576,10576
,,,,,,,,,,,36084,36084
,,,,,,,,,,,30407,30407
,,,,,,,,,,,42573,42573
,,,,,,,,,,,55,27
,,,,,,,,,,,47501,47501
,,,,,,,,,,,14860,14860
,,,,,,,,,,,55,55
,,,,,,,,,,,30414,30414
,,,,,,,,,,,30435,30435
,,,,,,,,,,,30400,36014
,,,,,,,,,,,8987,8987
,,,,,,,,,,,8917,8917
,,,,,,,,,,,30393,30393
,,,,,,,,,,,33956,33956
,,,,,,,,,,,293,293
,,,,,,,,,,,7727,7727
,,,,,,,,,,,251,251
,,,,,,,,,,,40298,40298
,,,,,,,,,,,18360,18360
,,,,,,,,,,,47508,47508
,,,,,,,,,,,20,20
,,,,,,,,,,,10618,10618
,,,,,,,,,,,10366,10366
,,,,,,,,,,,17653,17583
,,,,,,,,,,,47508,47508
,,,,,,,,,,,40452,40452
,,,,,,,,,,,12046,12046
,,,,,,,,,,,55,55
,,,,,,,,,,,44904,44904
,,,,,,,,,,,33914,33914
,,,,,,,,,,,46773,46773
,,,,,,,,,,,48,48
,,,,,,,,,,,17744,17744
,,,,,,,,,,,20,20
,,,,,,,,,,,48943,48929
,,,,,,,,,,,237,202
,,,,,,,,,,,48341,30435
,,,,,,,,,,,55,55
,,,,,,,,,,,17583,17653
,,,,,,,,,,,9876,8182
,,,,,,,,,,,8987,8987
,,,,,,,,,,,7258,7258
,,,,,,,,,,,33956,33956
,,,,,,,,,,,48950,48929
,,,,,,,,,,,6838,8987
,,,,,,,,,,,49657,49657
,,,,,,,,,,,45072,45072
,,,,,,,,,,,8301,8301
,,,,,,,,,,,48922,48922
,,,,,,,,,,,6698,6698
,,,,,,,,,,,55,55
,,,,,,,,,,,6698,6698
,,,,,,,,,,,40578,40578
,,,,,,,,,,,895,895
,,,,,,,,,,,12718,12718
,,,,,,,,,,,17653,17653
,,,,,,,,,,,10618,10618
,,,,,,,,,,,62,62
,,,,,,,,,,,23869,23869
,,,,,,,,,,,40424,40424
,,,,,,,,,,,9876,9876
,,,,,,,,,,,42573,42573
,,,,,,,,,,,23750,23750
,,,,,,,,,,,7573,7573
,,,,,,,,,,,251,251
,,,,,,,,,,,44904,44904
,,,,,,,,,,,55,55
,,,,,,,,,,,48334,48334
,,,,,,,,,,,9876,9876
,,,,,,,,,,,27,27
,,,,,,,,,,,55,41
,,,,,,,,,,,47529,35790
,,,,,,,,,,,46731,46731
,,,,,,,,,,,8056,8056
,,,,,,,,,,,7258,7258
,,,,,,,,,,,76,76
,,,,,,,,,,,36098,36084
,,,,,,,,,,,23113,22497
,,,,,,,,,,,202,237
,,,,,,,,,,,41,41
,,,,,,,,,,,40424,40424
,,,,,,,,,,,46731,46752
,,,,,,,,,,,48334,30414
,,,,,,,,,,,9701,9701
,,,,,,,,,,,9876,9876
,,,,,,,,,,,30400,30400
,,,,,,,,,,,15497,12046
,,,,,,,,,,,33949,33949
,,,,,,,,,,,6838,10366
,,,,,,,,,,,55,55
,,,,,,,,,,,48,48
,,,,,,,,,,,11591,11591
,,,,,,,,,,,7727,7727
,,,,,,,,,,,40606,40606
,,,,,,,,,,,48936,48950
,,,,,,,,,,,48341,48341
,,,,,,,,,,,48334,48334
,,,,,,,,,,,46759,46759
,,,,,,,,,,,48936,48936
,,,,,,,,,,,27,27
,,,,,,,,,,,48334,48334
,,,,,,,,,,,14454,14454
,,,,,,,,,,,8917,8917
,,,,,,,,,,,8056,8056
,,,,,,,,,,,48943,48943
,,,,,,,,,,,40298,40298
,,,,,,,,,,,35790,35790
,,,,,,,,,,,42573,42573
,,,,,,,,,,,10576,10576
,,,,,,,,,,,30400,30400
,,,,,,,,,,,33956,33928
,,,,,,,,,,,55,41
,,,,,,,,,,,8301,6698
,,,,,,,,,,,11591,11591
,,,,,,,,,,,13474,13474
,,,,,,,,,,,30393,30393
,,,,,,,,,,,7258,9967
,,,,,,,,,,,41,41
,,,,,,,,,,,10366,10366
,,,,,,,,,,,33921,33928
,,,,,,,,,,,46731,46731
,,,,,,,,,,,48341,30393
,,,,,,,,,,,40298,40298
,,,,,,,,,,,251,251
,,,,,,,,,,,33942,33942
,,,,,,,,,,,30393,30393
,,,,,,,,,,,118,118
,,,,,,,,,,,7258,7258
,,,,,,,,,,,33949,33949
,,,,,,,,,,,36112,36112
,,,,,,,,,,,13166,13166
,,,,,,,,,,,14629,14629
,,,,,,,,,,,30393,30393
,,,,,,,,,,,48929,48929
,,,,,,,,,,,33956,33956
,,,,,,,,,,,30400,30400
,,,,,,,,,,,44904,44904
,,,,,,,,,,,17744,17583
,,,,,,,,,,,40578,44904
,,,,,,,,,,,7727,7727
,,,,,,,,,,,20,20
,,,,,,,,,,,10366,6838
,,,,,,,,,,,7727,7727
,,,,,,,,,,,216,216
,,,,,,,,,,,18570,18570
,,,,,,,,,,,55,55
,,,,,,,,,,,30400,30407
,,,,,,,,,,,251,251
,,,,,,,,,,,46738,46738
,,,,,,,,,,,47501,47501
,,,,,,,,,,,48341,48341
,,,,,,,,,,,30393,30393
,,,,,,,,,,,47487,47487
,,,,,,,,,,,36084,36084
,,,,,,,,,,,7727,7727
,,,,,,,,,,,9876,9876
,,,,,,,,,,,10576,10576
,,,,,,,,,,,30414,30414
,,,,,,,,,,,8056,8056
,,,,,,,,,,,48,48
,,,,,,,,,,,30421,48341
,,,,,,,,,,,48733,48733
,,,,,,,,,,,769,202
,,,,,,,,,,,22497,22497
,,,,,,,,,,,33935,33935
,,,,,,,,,,,36084,36084
,,,,,,,,,,,46759,46759
,,,,,,,,,,,48929,48929
,,,,,,,,,,,36014,36014
,,,,,,,,,,,7258,7258
,,,,,,,,,,,118,118
,,,,,,,,,,,8917,10366
,,,,,,,,,,,20,20
,,,,,,,,,,,10576,10576
,,,,,,,,,,,69,69
,,,,,,,,,,,76,76
,,,,,,,,,,,174,174
,,,,,,,,,,,46780,46766
,,,,,,,,,,,48341,48341
,,,,,,,,,,,11591,11591
,,,,,,,,,,,48936,48922
,,,,,,,,,,,33928,33928
,,,,,,,,,,,202,202
,,,,,,,,,,,33963,33963
,,,,,,,,,,,23113,23869
,,,,,,,,,,,33921,33921
,,,,,,,,,,,46738,46738
,,,,,,,,,,,8301,8301
,,,,,,,,,,,216,216
,,,,,,,,,,,40606,40606
,,,,,,,,,,,202,202
,,,,,,,,,,,33914,33914
,,,,,,,,,,,30428,30428
,,,,,,,,,,,8182,8182
,,,,,,,,,,,7258,7258
,,,,,,,,,,,48341,48341
,,,,,,,,,,,48334,30407
,,,,,,,,,,,9876,9876
,,,,,,,,,,,9701,9701
,,,,,,,,,,,48929,48929
,,,,,,,,,,,18360,17583
,,,,,,,,,,,36112,36112
,,,,,,,,,,,9701,7727
,,,,,,,,,,,23750,23750
,,,,,,,,,,,251,251
,,,,,,,,,,,188,188
,,,,,,,,,,,8987,8182
,,,,,,,,,,,20,20
,,,,,,,,,,,33942,33942
,,,,,,,,,,,23750,23750
,,,,,,,,,,,30400,30400
,,,,,,,,,,,30393,48334
,,,,,,,,,,,195,195
,,,,,,,,,,,9701,9701
,,,,,,,,,,,33921,33921
,,,,,,,,,,,8182,8182
,,,,,,,,,,,62,62
,,,,,,,,,,,10366,10366
,,,,,,,,,,,8987,8987
,,,,,,,,,,,42573,42573
,,,,,,,,,,,30414,30414
,,,,,,,,,,,17653,17653
,,,,,,,,,,,40298,40298
,,,,,,,,,,,12473,12473
,,,,,,,,,,,46766,46766
,,,,,,,,,,,36126,36126
,,,,,,,,,,,14454,14454
,,,,,,,,,,,14454,14454
,,,,,,,,,,,7727,7727
,,,,,,,,,,,9701,9701
,,,,,,,,,,,216,216
,,,,,,,,,,,195,195
,,,,,,,,,,,251,251
,,,,,,,,,,,76,76
,,,,,,,,,,,90,90
,,,,,,,,,,,8987,8987
,,,,,,,,,,,216,216
,,,,,,,,,,,41,41
,,,,,,,,,,,7258,7258
,,,,,,,,,,,55,55
,,,,,,,,,,,17653,17653
,,,,,,,,,,,40606,40606
,,,,,,,,,,,48936,48733
,,,,,,,,,,,216,216
,,,,,,,,,,,30428,30428
,,,,,,,,,,,6698,6698
,,,,,,,,,,,209,209
,,,,,,,,,,,42573,42573
,,,,,,,,,,,8182,8182
,,,,,,,,,,,22784,22784
,,,,,,,,,,,8917,8917
,,,,,,,,,,,9701,9701
,,,,,,,,,,,55,55
,,,,,,,,,,,8987,8987
,,,,,,,,,,,40606,44904
,,,,,,,,,,,7727,7727
,,,,,,,,,,,216,216
,,,,,,,,,,,36014,30400
,,,,,,,,,,,20,20
,,,,,,,,,,,27,27
,,,,,,,,,,,48,48
,,,,,,,,,,,237,237
,,,,,,,,,,,6698,6698
,,,,,,,,,,,27,27
,,,,,,,,,,,36098,36098
,,,,,,,,,,,34,41
,,,,,,,,,,,40298,40298
,,,,,,,,,,,48929,48929
,,,,,,,,,,,49657,49657
,,,,,,,,,,,15301,15301
,,,,,,,,,,,47529,47529
,,,,,,,,,,,35790,35790
,,,,,,,,,,,9701,9701
,,,,,,,,,,,69,69
,,,,,,,,,,,48,48
,,,,,,,,,,,10618,10618
,,,,,,,,,,,55,55
,,,,,,,,,,,36126,36126
,,,,,,,,,,,33921,33921
,,,,,,,,,,,8182,8182
,,,,,,,,,,,30393,30393
,,,,,,,,,,,49650,47501
,,,,,,,,,,,10576,8182
,,,,,,,,,,,44904,44904
,,,,,,,,,,,47487,47487
,,,,,,,,,,,46759,46759
,,,,,,,,,,,7727,7727
,,,,,,,,,,,36070,36070
,,,,,,,,,,,20,20
,,,,,,,,,,,216,216
,,,,,,,,,,,22763,22763
,,,,,,,,,,,10618,8301
,,,,,,,,,,,48733,48733
,,,,,,,,,,,34,34
,,,,,,,,,,,11283,11283
,,,,,,,,,,,33935,33935
,,,,,,,,,,,48341,48341
,,,,,,,,,,,8917,8917
,,,,,,,,,,,9876,9876
,,,,,,,,,,,36098,36098
,,,,,,,,,,,33914,33914
,,,,,,,,,,,22763,22763
,,,,,,,,,,,33935,33935
,,,,,,,,,,,46759,46738
,,,,,,,,,,,30400,36014
,,,,,,,,,,,36112,36070
,,,,,,,,,,,55,55
,,,,,,,,,,,7727,7727
,,,,,,,,,,,9876,9876
,,,,,,,,,,,33935,33935
,,,,,,,,,,,7258,10366
,,,,,,,,,,,10366,8987
,,,,,,,,,,,8700,8700
,,,,,,,,,,,48341,48341
,,,,,,,,,,,8182,8182
,,,,,,,,,,,47529,47529
,,,,,,,,,,,76,76
,,,,,,,,,,,188,188
,,,,,,,,,,,40298,47529
,,,,,,,,,,,10366,10366
,,,,,,,,,,,40424,40424
,,,,,,,,,,,33942,33963
,,,,,,,,,,,9876,9876
,,,,,,,,,,,293,293
,,,,,,,,,,,6698,6698
,,,,,,,,,,,55,55
,,,,,,,,,,,46731,46731
,,,,,,,,,,,44904,44904
,,,,,,,,,,,69,69
,,,,,,,,,,,17653,17653
,,,,,,,,,,,9876,9876
,,,,,,,,,,,41,41
,,,,,,,,,,,30435,30393
,,,,,,,,,,,33949,33949
,,,,,,,,,,,33963,33963
,,,,,,,,,,,8182,8182
,,,,,,,,,,,41,41
,,,,,,,,,,,10618,8987
,,,,,,,,,,,8182,8182
,,,,,,,,,,,33928,33928
,,,,,,,,,,,22497,22497
,,,,,,,,,,,48,48
,,,,,,,,,,,12634,12634
,,,,,,,,,,,23316,23316
,,,,,,,,,,,36126,36126
,,,,,,,,,,,7573,7573
,,,,,,,,,,,9701,9701
,,,,,,,,,,,8987,8987
,,,,,,,,,,,958,958
,,,,,,,,,,,30393,30393
,,,,,,,,,,,40606,40606
,,,,,,,,,,,20,20
,,,,,,,,,,,40298,40298
,,,,,,,,,,,30407,30407
,,,,,,,,,,,30393,30393
,,,,,,,,,,,76,76
,,,,,,,,,,,30414,30428
,,,,,,,,,,,23316,23750
,,,,,,,,,,,202,202
,,,,,,,,,,,36098,36098
,,,,,,,,,,,9701,9701
,,,,,,,,,,,9701,7727
,,,,,,,,,,,47501,47501
,,,,,,,,,,,22763,22763
,,,,,,,,,,,14860,14860
,,,,,,,,,,,17982,17982
,,,,,,,,,,,9701,9701
,,,,,,,,,,,40424,40424
,,,,,,,,,,,62,62
,,,,,,,,,,,8056,8056
,,,,,,,,,,,7727,7727
,,,,,,,,,,,23841,23841
,,,,,,,,,,,34,27
,,,,,,,,,,,40452,40452
,,,,,,,,,,,40564,40550
,,,,,,,,,,,46752,46752
,,,,,,,,,,,36070,36070
,,,,,,,,,,,6838,6838
,,,,,,,,,,,15413,15413
,,,,,,,,,,,30393,30393
,,,,,,,,,,,14454,14454
,,,,,,,,,,,33928,33928
,,,,,,,,,,,30407,30407
,,,,,,,,,,,12473,12473
,,,,,,,,,,,62,62
,,,,,,,,,,,36014,36014
,,,,,,,,,,,30400,30400
,,,,,,,,,,,44904,44904
,,,,,,,,,,,76,76
,,,,,,,,,,,62,62
,,,,,,,,,,,30414,30414
,,,,,,,,,,,62,62
,,,,,,,,,,,15623,15623
,,,,,,,,,,,33928,33928
,,,,,,,,,,,41,41
,,,,,,,,,,,36098,36098
,,,,,,,,,,,22784,22784
,,,,,,,,,,,35790,35790
,,,,,,,,,,,48341,48341
,,,,,,,,,,,7258,7258
,,,,,,,,,,,6698,6698
,,,,,,,,,,,27,27
,,,,,,,,,,,23750,23750
,,,,,,,,,,,47487,47487
,,,,,,,,,,,13131,13131
,,,,,,,,,,,40606,40606
,,,,,,,,,,,46766,46766
,,,,,,,,,,,15623,15623
,,,,,,,,,,,40550,40550
,,,,,,,,,,,11157,11157
,,,,,,,,,,,10618,6698
,,,,,,,,,,,251,251
,,,,,,,,,,,146,146
,,,,,,,,,,,293,293
,,,,,,,,,,,23750,23750
,,,,,,,,,,,202,202
,,,,,,,,,,,7258,7258
,,,,,,,,,,,118,118
,,,,,,,,,,,46731,46731
,,,,,,,,,,,17744,17744
,,,,,,,,,,,146,202
,,,,,,,,,,,40578,40578
,,,,,,,,,,,9876,9876
,,,,,,,,,,,8301,8301
,,,,,,,,,,,40578,40578
,,,,,,,,,,,76,76
,,,,,,,,,,,20,20
,,,,,,,,,,,44904,44904
,,,,,,,,,,,20,20
,,,,,,,,,,,36070,38814
,,,,,,,,,,,9876,9876
,,,,,,,,,,,33935,33949
,,,,,,,,,,,33921,33921
,,,,,,,,,,,40424,40424
,,,,,,,,,,,14454,14454
,,,,,,,,,,,36014,36014
,,,,,,,,,,,23869,23869
,,,,,,,,,,,44904,44904
,,,,,,,,,,,22763,22763
,,,,,,,,,,,47529,47529
,,,,,,,,,,,13957,13957
,,,,,,,,,,,36126,36070
,,,,,,,,,,,46773,46773
,,,,,,,,,,,76,76
,,,,,,,,,,,46745,46745
,,,,,,,,,,,40424,40424
,,,,,,,,,,,22784,22784
,,,,,,,,,,,17583,17583
,,,,,,,,,,,7727,7727
,,,,,,,,,,,12669,12669
,,,,,,,,,,,48733,48733
,,,,,,,,,,,48922,48943
,,,,,,,,,,,36070,36070
,,,,,,,,,,,18570,18570
,,,,,,,,,,,55,55
,,,,,,,,,,,48,48
,,,,,,,,,,,48929,48929
,,,,,,,,,,,41,41
,,,,,,,,,,,36084,36084
,,,,,,,,,,,42573,40424
,,,,,,,,,,,20,20
,,,,,,,,,,,20,20
,,,,,,,,,,,40298,40424
,,,,,,,,,,,17744,17744
,,,,,,,,,,,48334,48334
,,,,,,,,,,,46731,46731
,,,,,,,,,,,15623,15623
,,,,,,,,,,,46780,46759
,,,,,,,,,,,40606,40606
,,,,,,,,,,,35790,35790
,,,,,,,,,,,33914,33914
,,,,,,,,,,,55,55
,,,,,,,,,,,15623,12046
,,,,,,,,,,,33914,33928
,,,,,,,,,,,33921,33949
,,,,,,,,,,,40564,40564
,,,,,,,,,,,237,237
,,,,,,,,,,,47487,47487
,,,,,,,,,,,17744,18570
,,,,,,,,,,,9701,9701
,,,,,,,,,,,30414,30414
,,,,,,,,,,,33949,33949
,,,,,,,,,,,33949,33914
,,,,,,,,,,,76,76
,,,,,,,,,,,47508,47501
,,,,,,,,,,,20,20
,,,,,,,,,,,30407,30428
,,,,,,,,,,,30393,30393
,,,,,,,,,,,30428,48341
,,,,,,,,,,,46759,46759
,,,,,,,,,,,216,216
,,,,,,,,,,,7258,7258
,,,,,,,,,,,20,48
,,,,,,,,,,,18570,17583
,,,,,,,,,,,40550,40550
,,,,,,,,,,,33963,33956
,,,,,,,,,,,42573,40298
,,,,,,,,,,,33914,33914
,,,,,,,,,,,237,237
,,,,,,,,,,,40606,40606
,,,,,,,,,,,40424,40424
,,,,,,,,,,,40424,40424
,,,,,,,,,,,9876,9701
,,,,,,,,,,,48,48
,,,,,,,,,,,10618,8182
,,,,,,,,,,,7258,7258
,,,,,,,,,,,40578,40578
,,,,,,,,,,,216,216
,,,,,,,,,,,41,41
,,,,,,,,,,,12718,32388
,,,,,,,,,,,55,55
,,,,,,,,,,,47480,47480
,,,,,,,,,,,40578,40578
,,,,,,,,,,,46766,46766
,,,,,,,,,,,237,237
,,,,,,,,,,,23869,23113
,,,,,,,,,,,36126,36126
,,,,,,,,,,,35790,35790
,,,,,,,,,,,17653,17653
,,,,,,,,,,,33942,33942
,,,,,,,,,,,36084,36084
,,,,,,,,,,,33928,33928
,,,,,,,,,,,45947,15413
,,,,,,,,,,,118,118
,,,,,,,,,,,146,202
,,,,,,,,,,,188,188
,,,,,,,,,,,55,55
,,,,,,,,,,,46731,46731
,,,,,,,,,,,22784,23869
,,,,,,,,,,,20,20
,,,,,,,,,,,27,20
,,,,,,,,,,,8987,8987
,,,,,,,,,,,47501,47501
,,,,,,,,,,,47508,47508
,,,,,,,,,,,202,202
,,,,,,,,,,,18360,18360
,,,,,,,,,,,17744,17744
,,,,,,,,,,,22784,22784
,,,,,,,,,,,30428,30428
,,,,,,,,,,,237,237
,,,,,,,,,,,44904,44904
,,,,,,,,,,,69,216
,,,,,,,,,,,33949,33949
,,,,,,,,,,,40452,40452
,,,,,,,,,,,47487,47487
,,,,,,,,,,,17653,17653
,,,,,,,,,,,30428,30428
,,,,,,,,,,,30435,30435
,,,,,,,,,,,12473,12473
,,,,,,,,,,,48936,48922
,,,,,,,,,,,223,76
,,,,,,,,,,,30428,30428
,,,,,,,,,,,47487,47487
,,,,,,,,,,,46731,46731
,,,,,,,,,,,48341,48341
,,,,,,,,,,,33956,33956
,,,,,,,,,,,14860,14860
,,,,,,,,,,,202,202
,,,,,,,,,,,36112,36112
,,,,,,,,,,,46773,46773
,,,,,,,,,,,8987,8987
,,,,,,,,,,,10618,10618
,,,,,,,,,,,22497,22497
,,,,,,,,,,,36098,36098
,,,,,,,,,,,30421,30393
,,,,,,,,,,,49657,49657
,,,,,,,,,,,47487,47487
,,,,,,,,,,,34,34
,,,,,,,,,,,7573,7573
,,,,,,,,,,,40564,40564
,,,,,,,,,,,40298,40298
,,,,,,,,,,,33935,33935
,,,,,,,,,,,14454,14454
,,,,,,,,,,,36126,36126
,,,,,,,,,,,42573,42573
,,,,,,,,,,,8301,8301
,,,,,,,,,,,55,55
,,,,,,,,,,,33914,33914
,,,,,,,,,,,33928,33928
,,,,,,,,,,,30400,30407
,,,,,,,,,,,55,34
,,,,,,,,,,,36014,36014
,,,,,,,,,,,216,216
,,,,,,,,,,,251,251
,,,,,,,,,,,14860,14860
,,,,,,,,,,,47480,47480
,,,,,,,,,,,44904,44904
,,,,,,,,,,,33956,33956
,,,,,,,,,,,48,48
,,,,,,,,,,,251,251
,,,,,,,,,,,251,251
,,,,,,,,,,,40578,40578
,,,,,,,,,,,62,62
,,,,,,,,,,,14454,14454
,,,,,,,,,,,17982,17982
,,,,,,,,,,,10366,10366
,,,,,,,,,,,17744,17744
,,,,,,,,,,,8917,6838
,,,,,,,,,,,20,20
,,,,,,,,,,,36098,36098
,,,,,,,,,,,272,272
,,,,,,,,,,,33942,33942
,,,,,,,,,,,9701,9701
,,,,,,,,,,,9701,9701
,,,,,,,,,,,251,251
,,,,,,,,,,,11220,11220
,,,,,,,,,,,27,27
,,,,,,,,,,,10618,10618
,,,,,,,,,,,10366,10366
,,,,,,,,,,,13957,13957
,,,,,,,,,,,216,216
,,,,,,,,,,,33942,33914
,,,,,,,,,,,11591,11591
,,,,,,,,,,,33928,33928
,,,,,,,,,,,8987,8987
,,,,,,,,,,,33963,33963
,,,,,,,,,,,8056,9967
,,,,,,,,,,,36126,36126
,,,,,,,,,,,7727,7727
,,,,,,,,,,,47529,47529
,,,,,,,,,,,49657,49657
,,,,,,,,,,,10576,8301
,,,,,,,,,,,49657,49657
,,,,,,,,,,,33914,33914
,,,,,,,,,,,33956,33956
,,,,,,,,,,,11374,11374
,,,,,,,,,,,47494,47494
,,,,,,,,,,,55,55
,,,,,,,,,,,195,195
,,,,,,,,,,,23869,23869
,,,,,,,,,,,33963,33963
,,,,,,,,,,,20,20
,,,,,,,,,,,62,62
,,,,,,,,,,,10618,10618
,,,,,,,,,,,47494,47494
,,,,,,,,,,,30414,30414
,,,,,,,,,,,22784,22784
,,,,,,,,,,,30393,30393
,,,,,,,,,,,7258,7258
,,,,,,,,,,,55,55
,,,,,,,,,,,62,62
,,,,,,,,,,,48936,48943
,,,,,,,,,,,23113,23113
,,,,,,,,,,,48733,48733
,,,,,,,,,,,47480,47480
,,,,,,,,,,,8056,8056
,,,,,,,,,,,8301,8301
,,,,,,,,,,,47529,47529
,,,,,,,,,,,48950,48922
,,,,,,,,,,,48341,48341
,,,,,,,,,,,48341,30414
,,,,,,,,,,,7727,7727
,,,,,,,,,,,48943,48733
,,,,,,,,,,,30421,30421
,,,,,,,,,,,40298,40298
,,,,,,,,,,,40606,40606
,,,,,,,,,,,9701,9701
,,,,,,,,,,,46738,46738
,,,,,,,,,,,47508,47508
,,,,,,,,,,,9967,7573
,,,,,,,,,,,9701,9701
,,,,,,,,,,,33942,33942
,,,,,,,,,,,13131,11591
,,,,,,,,,,,55,55
,,,,,,,,,,,45072,47529
,,,,,,,,,,,30414,30414
,,,,,,,,,,,40424,40424
,,,,,,,,,,,40424,40452
,,,,,,,,,,,30421,30407
,,,,,,,,,,,9967,9967
,,,,,,,,,,,40606,40606
,,,,,,,,,,,55,41
,,,,,,,,,,,48,48
,,,,,,,,,,,216,216
,,,,,,,,,,,62,69
,,,,,,,,,,,30421,30421
,,,,,,,,,,,33956,33963
,,,,,,,,,,,90,76
,,,,,,,,,,,9876,9876
,,,,,,,,,,,46738,46738
,,,,,,,,,,,46752,46752
,,,,,,,,,,,36112,36112
,,,,,,,,,,,33935,33935
,,,,,,,,,,,118,118
,,,,,,,,,,,45072,45072
,,,,,,,,,,,30407,30407
,,,,,,,,,,,41,41
,,,,,,,,,,,10366,10366
,,,,,,,,,,,46731,46731
,,,,,,,,,,,20,20
,,,,,,,,,,,188,188
,,,,,,,,,,,30414,30414
,,,,,,,,,,,44904,44904
,,,,,,,,,,,41,55
,,,,,,,,,,,30421,30400
,,,,,,,,,,,46752,46738
,,,,,,,,,,,36126,36126
,,,,,,,,,,,237,237
,,,,,,,,,,,35790,40424
,,,,,,,,,,,33914,33914
,,,,,,,,,,,13131,13131
,,,,,,,,,,,17583,17583
,,,,,,,,,,,40550,40550
,,,,,,,,,,,38814,38814
,,,,,,,,,,,15497,15497
,,,,,,,,,,,55,55
,,,,,,,,,,,41,41
,,,,,,,,,,,44904,44904
,,,,,,,,,,,30421,30421
,,,,,,,,,,,9701,9701
,,,,,,,,,,,69,69
,,,,,,,,,,,23750,23750
,,,,,,,,,,,36112,36112
,,,,,,,,,,,36112,36084
,,,,,,,,,,,237,237
,,,,,,,,,,,6698,6698
,,,,,,,,,,,55,55
,,,,,,,,,,,8987,8182
,,,,,,,,,,,251,251
,,,,,,,,,,,9876,9876
,,,,,,,,,,,76,76
,,,,,,,,,,,47480,47480
,,,,,,,,,,,10618,9876
,,,,,,,,,,,6838,6838
,,,,,,,,,,,8301,8301
,,,,,,,,,,,46773,46773
,,,,,,,,,,,23316,23316
,,,,,,,,,,,8056,8056
,,,,,,,,,,,48,48
,,,,,,,,,,,27,27
,,,,,,,,,,,223,216
,,,,,,,,,,,9876,7258
,,,,,,,,,,,48334,48334
,,,,,,,,,,,33935,33935
,,,,,,,,,,,8182,8182
,,,,,,,,,,,6698,6698
,,,,,,,,,,,8056,8056
,,,,,,,,,,,62,62
,,,,,,,,,,,14454,14454
,,,,,,,,,,,10618,10576
,,,,,,,,,,,8917,8917
,,,,,,,,,,,35790,35790
,,,,,,,,,,,195,195
,,,,,,,,,,,46738,46738
,,,,,,,,,,,17583,17583
,,,,,,,,,,,202,202
,,,,,,,,,,,33921,33935
,,,,,,,,,,,146,146
,,,,,,,,,,,48,48
,,,,,,,,,,,8987,8987
,,,,,,,,,,,11283,11283
,,,,,,,,,,,48334,48334
,,,,,,,,,,,30414,30414
,,,,,,,,,,,36070,36070
,,,,,,,,,,,30407,30407
,,,,,,,,,,,33928,33928
,,,,,,,,,,,251,1490
,,,,,,,,,,,202,216
,,,,,,,,,,,17653,17653
,,,,,,,,,,,48,48
,,,,,,,,,,,33949,33942
,,,,,,,,,,,46738,46738
,,,,,,,,,,,7573,7573
,,,,,,,,,,,202,202
,,,,,,,,,,,48,69
,,,,,,,,,,,8917,8917
,,,,,,,,,,,46738,46766
,,,,,,,,,,,30400,30400
,,,,,,,,,,,36084,36084
,,,,,,,,,,,9701,9701
,,,,,,,,,,,8182,8182
,,,,,,,,,,,202,202
,,,,,,,,,,,42573,45072
,,,,,,,,,,,216,216
,,,,,,,,,,,47501,47501
,,,,,,,,,,,33928,33928
,,,,,,,,,,,202,202
,,,,,,,,,,,272,272
,,,,,,,,,,,30393,30393
,,,,,,,,,,,8917,8917
,,,,,,,,,,,23750,23750
,,,,,,,,,,,14860,14860
,,,,,,,,,,,237,272
,,,,,,,,,,,36070,36070
,,,,,,,,,,,8917,8917
,,,,,,,,,,,30435,30435
,,,,,,,,,,,14454,12046
,,,,,,,,,,,30428,30428
,,,,,,,,,,,10366,10366
,,,,,,,,,,,22497,22497
,,,,,,,,,,,30428,30428
,,,,,,,,,,,55,55
,,,,,,,,,,,23841,22497
,,,,,,,,,,,55,55
,,,,,,,,,,,48334,30421
,,,,,,,,,,,33942,33942
,,,,,,,,,,,6698,6698
,,,,,,,,,,,17653,17653
,,,,,,,,,,,47529,47529
,,,,,,,,,,,48950,48943
,,,,,,,,,,,9967,9967
,,,,,,,,,,,33914,33914
,,,,,,,,,,,42573,42573
,,,,,,,,,,,20,20
,,,,,,,,,,,55,55
,,,,,,,,,,,14454,14454
,,,,,,,,,,,195,195
,,,,,,,,,,,46759,46780
,,,,,,,,,,,47508,47508
,,,,,,,,,,,30400,30400
,,,,,,,,,,,46766,46766
,,,,,,,,,,,1210,1210
,,,,,,,,,,,45961,45933
,,,,,,,,,,,7727,7727
,,,,,,,,,,,10576,10576
,,,,,,,,,,,46752,46752
,,,,,,,,,,,17653,17653
,,,,,,,,,,,9967,9967
,,,,,,,,,,,33928,33928
,,,,,,,,,,,33963,33963
,,,,,,,,,,,6838,8182
,,,,,,,,,,,9876,9876
,,,,,,,,,,,36112,36112
,,,,,,,,,,,9967,8700
,,,,,,,,,,,10366,10366
,,,,,,,,,,,48334,30435
,,,,,,,,,,,40564,40564
,,,,,,,,,,,30428,48341
,,,,,,,,,,,20,20
,,,,,,,,,,,33942,33942
,,,,,,,,,,,40606,40606
,,,,,,,,,,,46759,46759
,,,,,,,,,,,40564,40564
,,,,,,,,,,,38814,38814
,,,,,,,,,,,40550,40606
,,,,,,,,,,,30407,30407
,,,,,,,,,,,20,20
,,,,,,,,,,,33956,33956
,,,,,,,,,,,13166,13166
,,,,,,,,,,,10576,10366
,,,,,,,,,,,62,62
,,,,,,,,,,,12473,12473
,,,,,,,,,,,55,55
,,,,,,,,,,,17744,17744
,,,,,,,,,,,40298,40298
,,,,,,,,,,,48,48
,,,,,,,,,,,55,55
,,,,,,,,,,,202,202
,,,,,,,,,,,62,62
,,,,,,,,,,,40606,40606
,,,,,,,,,,,34,34
,,,,,,,,,,,8182,8182
,,,,,,,,,,,47508,47508
,,,,,,,,,,,33942,33914
,,,,,,,,,,,30400,30400
,,,,,,,,,,,13971,13971
,,,,,,,,,,,30400,30407
,,,,,,,,,,,30400,30400
,,,,,,,,,,,33956,33914
,,,,,,,,,,,20,20
,,,,,,,,,,,8056,8056
,,,,,,,,,,,48334,48334
,,,,,,,,,,,12473,12389
,,,,,,,,,,,8182,8182
,,,,,,,,,,,46731,46773
,,,,,,,,,,,55,55
,,,,,,,,,,,48922,48943
,,,,,,,,,,,36098,36070
,,,,,,,,,,,30414,30414
,,,,,,,,,,,47494,47494
,,,,,,,,,,,46773,46773
,,,,,,,,,,,36098,36098
,,,,,,,,,,,251,251
,,,,,,,,,,,12473,15497
,,,,,,,,,,,36084,36084
,,,,,,,,,,,7258,7258
,,,,,,,,,,,48341,48341
,,,,,,,,,,,30421,48334
,,,,,,,,,,,34,41
,,,,,,,,,,,1490,1490
,,,,,,,,,,,8301,8301
,,,,,,,,,,,33956,33956
,,,,,,,,,,,6698,6698
,,,,,,,,,,,9967,8056
,,,,,,,,,,,23750,23750
,,,,,,,,,,,46759,46759
,,,,,,,,,,,22784,22784
,,,,,,,,,,,33956,33956
,,,,,,,,,,,40298,40424
,,,,,,,,,,,40550,44904
,,,,,,,,,,,7573,7573
,,,,,,,,,,,40424,40424
,,,,,,,,,,,46745,46745
,,,,,,,,,,,9967,9967
,,,,,,,,,,,46731,46766
,,,,,,,,,,,22497,22497
,,,,,,,,,,,8056,8056
,,,,,,,,,,,48929,48929
,,,,,,,,,,,209,209
,,,,,,,,,,,33942,33942
,,,,,,,,,,,9701,9701
,,,,,,,,,,,202,202
,,,,,,,,,,,30400,30414
,,,,,,,,,,,30400,30400
,,,,,,,,,,,48733,48733
,,,,,,,,,,,36084,36084
,,,,,,,,,,,47508,47508
,,,,,,,,,,,18570,18570
,,,,,,,,,,,8987,8987
,,,,,,,,,,,7608,8700
,,,,,,,,,,,55,55
,,,,,,,,,,,76,76
,,,,,,,,,,,46745,46745
,,,,,,,,,,,33942,33942
,,,,,,,,,,,202,216
,,,,,,,,,,,8182,8182
,,,,,,,,,,,34,34
,,,,,,,,,,,9876,9876
,,,,,,,,,,,15301,15301
,,,,,,,,,,,17744,17744
,,,,,,,,,,,55,55
,,,,,,,,,,,23750,23750
,,,,,,,,,,,9967,9967
,,,,,,,,,,,30393,30393
,,,,,,,,,,,7727,7727
,,,,,,,,,,,40564,40564
,,,,,,,,,,,11220,11220
,,,,,,,,,,,1490,1490
,,,,,,,,,,,30414,30414
,,,,,,,,,,,216,216
,,,,,,,,,,,40564,40564
,,,,,,,,,,,40564,40564
,,,,,,,,,,,10576,10576
,,,,,,,,,,,9876,9876
,,,,,,,,,,,17583,17583
,,,,,,,,,,,30400,30400
,,,,,,,,,,,55,55
,,,,,,,,,,,272,272
,,,,,,,,,,,45072,45072
,,,,,,,,,,,33935,33914
,,,,,,,,,,,30407,30407
,,,,,,,,,,,9701,9701
,,,,,,,,,,,23869,23869
,,,,,,,,,,,36014,36014
,,,,,,,,,,,7727,7727
